<?xml version="1.0" encoding="UTF-8"?>
<beans xmlns="http://www.springframework.org/schema/beans"
    xmlns:context="http://www.springframework.org/schema/context"
    xmlns:xsi="http://www.w3.org/2001/XMLSchema-instance"
    xmlns:mvc="http://www.springframework.org/schema/mvc"
    xmlns:tx="http://www.springframework.org/schema/tx"
    xsi:schemaLocation=" http://www.springframework.org/schema/beans  
http://www.springframework.org/schema/beans/spring-beans-3.0.xsd
http://www.springframework.org/schema/context  
http://www.springframework.org/schema/context/spring-context-3.0.xsd
http://www.springframework.org/schema/mvc  
http://www.springframework.org/schema/mvc/spring-mvc-3.0.xsd
http://www.springframework.org/schema/tx  
http://www.springframework.org/schema/tx/spring-tx.xsd">
    <mvc:annotation-driven />
    <tx:annotation-driven transaction-manager="txManager"/>


   <!--step 1 Handler Mapping -->
    <context:component-scan base-package="com.techwave.mvc.controllers" />

   <!-- View Resolver -->
    <bean id="viewResolver"
        class="org.springframework.web.servlet.view.InternalResourceViewResolver">
        <property name="prefix" value="/WEB-INF/views/" />
        <property name="suffix" value=".jsp"></property>
    </bean>
    <bean id="dataSource" class="org.springframework.jdbc.datasource.DriverManagerDataSource">
        <property name="driverClassName" value="oracle.jdbc.driver.OracleDriver"></property>
        <property name="url" value="jdbc:oracle:thin:@localhost:1521:orcl"></property>
        <property name="username" value="system"></property>
        <property name="password" value="Admin#123"></property>
    </bean>
    
    
    <bean id="factory" class="org.springframework.orm.hibernate5.LocalSessionFactoryBean" >
        <property name="dataSource" ref="dataSource"></property>
    
        <property name="annotatedClasses">
        <list>
            <value>com.techwave.mvc.model.pojo.Emp</value>
            <value>com.techwave.mvc.model.pojo.Deptdata</value>
            <value>com.techwave.mvc.model.pojo.Book</value>
        </list>
        </property>
    
        <property name="hibernateProperties">
            <props>
                <prop key="hibernate.dialect">org.hibernate.dialect.OracleDialect</prop>
                <prop key="hibernate.hbm2ddl.auto">update</prop>    
                <prop key="hibernate.show_sql">true</prop>
            </props>
        </property>
    </bean>
    
    <bean id="template" class="org.springframework.orm.hibernate5.HibernateTemplate">
        <property name="sessionFactory" ref="factory"></property>
    </bean>

   <bean id="txManager" class="org.springframework.orm.hibernate5.HibernateTransactionManager">
      	<property name="sessionFactory" ref="factory"></property>
      </bean>
    
    <bean id="empdao" class="com.techwave.mvc.model.dao.Empdao">
        <property name="template" ref="template"></property>
    </bean>
    
</beans>